tweet,CHARACTER_COMBINATION,CHARACTER_MASKING,CHARACTER_SPLITTING,CHARACTER_SUBSTITUTION,CHARACTER_SWAPPING,WORD_ABBREVIATION,WORD_HOMOPHONE_SUB,WORD_LANG_SWITCH,WORD_NOISE,WORD_SPLITTING
0.8364697,0.5972042,0.85173553,0.63782936,0.39021665,0.8403191,0.5885171,0.8115627,0.6426206,0.8540474,0.8629672
0.9029226,0.54325575,0.8696708,0.45921504,0.44393396,0.88599813,0.53579444,0.8540474,0.5885171,0.9029226,0.9029226
0.8364697,0.8364697,0.78207105,0.85173553,0.6289369,0.7761081,0.47622904,0.82048255,0.743089,0.7510937,0.8252207
