tweet,CHARACTER_COMBINATION,CHARACTER_MASKING,CHARACTER_SPLITTING,CHARACTER_SUBSTITUTION,CHARACTER_SWAPPING,WORD_ABBREVIATION,WORD_HOMOPHONE_SUB,WORD_LANG_SWITCH,WORD_NOISE,WORD_SPLITTING
0.93607247,0.93607247,0.93607247,0.93607247,0.7804332,0.93607247,0.93607247,0.93607247,0.93607247,0.93607247,0.93607247
0.826372,0.8281842,0.82637197,0.93607247,0.93607247,0.82637197,0.82637197,0.82637197,0.8263719,0.82637197,0.82637197
0.989899,0.99640286,0.989899,0.9776087,0.9590444,0.989899,0.989899,0.989899,0.989899,0.989899,0.989899
