tweet,CHARACTER_COMBINATION,CHARACTER_MASKING,CHARACTER_SPLITTING,CHARACTER_SUBSTITUTION,CHARACTER_SWAPPING,WORD_ABBREVIATION,WORD_HOMOPHONE_SUB,WORD_LANG_SWITCH,WORD_NOISE,WORD_SPLITTING
0.50789946,0.50789946,0.2540519,0.3375374,0.15048122,0.11098998,0.049831573,0.079250954,0.05898502,0.11357342,0.36456755
0.8988238,0.687436,0.8299589,0.78207105,0.4402136,0.88599813,0.6744087,0.3722269,0.5566829,0.88599813,0.7998551
0.6027529,0.5024724,0.6407703,0.17718399,0.085582085,0.37751234,0.15711457,0.6027529,0.6027529,0.4575469,0.3827457
